Workbook

Sheet RELATÓRIO
A1: ZAP S/A - CONTROLE DE PAGAMENTOS ÁS EMPRESAS TERCEIRIZADAS
A2: PERÍODO: 01/01/2023 A 31/07/2013
A3: VALOR/HORA: | B3: 55
A5: EMPRESA | B5: ÁREA | C5: DATA INÍCIO CONTRATO | D5: DATA TÉRMINO CONTRATO | E5: CARGA HORÁRIA DIÁRIA | F5: DIAS ÚTEIS | G5: VALOR DO CONTRATO
A6: ADM MÃO DE OBRA | B6: ADMINISTRATIVA | C6: 41275 | D6: 41332 | E6: 6 | F6: =NETWORKDAYS.INTL(C6,D6,11,FERIADOS!A:A) -> 47 | G6: =E6*F6*B$3 -> 15510
A7: CONTÁBIL TOTAL | B7: CONTABILIDADE | C7: 41284 | D7: 41318 | E7: 6 | F7: =NETWORKDAYS.INTL(C7,D7,11,FERIADOS!A:A) -> 28 | G7: =E7*F7*B$3 -> 9240
A8: LUCAS BROS | B8: ADMINISTRATIVA | C8: 41336 | D8: 41374 | E8: 8 | F8: =NETWORKDAYS.INTL(C8,D8,11,FERIADOS!A:A) -> 31 | G8: =E8*F8*B$3 -> 13640
A9: CONTÁBIL TOTAL | B9: CONTABILIDADE | C9: 41353 | D9: 41379 | E9: 4 | F9: =NETWORKDAYS.INTL(C9,D9,11,FERIADOS!A:A) -> 21 | G9: =E9*F9*B$3 -> 4620
A10: LUCAS BROS | B10: CONTABILIDADE | C10: 41396 | D10: 41424 | E10: 4 | F10: =NETWORKDAYS.INTL(C10,D10,11,FERIADOS!A:A) -> 24 | G10: =E10*F10*B$3 -> 5280
A11: ADM MÃO DE OBRA | B11: ADMINISTRATIVA | C11: 41405 | D11: 41412 | E11: 6 | F11: =NETWORKDAYS.INTL(C11,D11,11,FERIADOS!A:A) -> 7 | G11: =E11*F11*B$3 -> 2310
A12: ADM MÃO DE OBRA | B12: ADMINISTRATIVA | C12: 41426 | D12: 41445 | E12: 8 | F12: =NETWORKDAYS.INTL(C12,D12,11,FERIADOS!A:A) -> 17 | G12: =E12*F12*B$3 -> 7480
A13: LUCAS BROS | B13: ADMINISTRATIVA | C13: 41435 | D13: 41460 | E13: 6 | F13: =NETWORKDAYS.INTL(C13,D13,11,FERIADOS!A:A) -> 23 | G13: =E13*F13*B$3 -> 7590
A14: CONTÁBIL TOTAL | B14: CONTABILIDADE | C14: 41436 | D14: 41448 | E14: 4 | F14: =NETWORKDAYS.INTL(C14,D14,11,FERIADOS!A:A) -> 11 | G14: =E14*F14*B$3 -> 2420
A15: LUCAS BROS | B15: ADMINISTRATIVA | C15: 41465 | D15: 41478 | E15: 4 | F15: =NETWORKDAYS.INTL(C15,D15,11,FERIADOS!A:A) -> 12 | G15: =E15*F15*B$3 -> 2640
A16: ADM MÃO DE OBRA | B16: ADMINISTRATIVA | C16: 41470 | D16: 41486 | E16: 8 | F16: =NETWORKDAYS.INTL(C16,D16,11,FERIADOS!A:A) -> 15 | G16: =E16*F16*B$3 -> 6600

Sheet FERIADOS
A1: 41275
A2: 41299
A3: 41317
A4: 41362
A5: 41354
A6: 41395
A7: 41424
A8: 40733
