Workbook

Sheet Faltas da turma A
A1: Controle de faltas
B3: 1o. Bimestre | C3: 2o. Bimestre | D3: 3o. Bimestre | E3: 4o. Bimestre | F3: Total
A4: André Pinheiro | B4: 5 | C4: 3 | D4: 0 | E4: 3 | F4: 11
A5: Daniel Mendes Rodrigues | B5: 2 | C5: 0 | D5: 0 | E5: 4 | F5: =SUM(B5:E5) -> 6
A6: Davi Pereira da Silva | B6: 6 | C6: 0 | D6: 0 | E6: 0 | F6: =SUM(B6:E6) -> 6
A7: José Nelson de Araújo | B7: 0 | C7: 0 | D7: 3 | E7: 0 | F7: =SUM(B7:E7) -> 3
A8: Lucas Camargo | B8: 4 | C8: 3 | D8: 1 | E8: 0 | F8: =SUM(B8:E8) -> 8
A9: Luis Enrico Pereira | B9: 3 | C9: 2 | D9: 5 | E9: 2 | F9: =SUM(B9:E9) -> 12
A10: Luis Gabriel Santos | B10: 2 | C10: 0 | D10: 0 | E10: 3 | F10: =SUM(B10:E10) -> 5
A11: Marcelo de Carvalho | B11: 0 | C11: 0 | D11: 0 | E11: 0 | F11: =SUM(B11:E11) -> 0
A12: Mariana Ferreira Mendonça | B12: 4 | C12: 7 | D12: 5 | E12: 6 | F12: =SUM(B12:E12) -> 22
A13: Pedro Ricardo Martelli | B13: 2 | C13: 2 | D13: 6 | E13: 0 | F13: =SUM(B13:E13) -> 10
A14: Simone Ferla | B14: 2 | C14: 2 | D14: 2 | E14: 2 | F14: =SUM(B14:E14) -> 8
A15: Danio Freitas | B15: 6 | C15: 4 | D15: 3 | E15: 3 | F15: =SUM(B15:E15) -> 16
A16: Márcia de Oliveira | B16: 9 | C16: 0 | D16: 6 | E16: 3 | F16: =SUM(B16:E16) -> 18

Sheet Faltas da turma B
A1: Controle de faltas
B3: 1o. Bimestre | C3: 2o. Bimestre | D3: 3o. Bimestre | E3: 4o. Bimestre | F3: Total
A4: Andréa Pereira Nunes | B4: 1 | C4: 1 | D4: 3 | E4: 2 | F4: =SUM(B4:E4) -> 7
A5: Beatriz Gonçalves | B5: 1 | C5: 2 | D5: 0 | E5: 0 | F5: =SUM(B5:E5) -> 3
A6: Carlos Menezes | B6: 2 | C6: 2 | D6: 0 | E6: 2 | F6: =SUM(B6:E6) -> 6
A7: Daniele Ferreira | B7: 3 | C7: 0 | D7: 2 | E7: 3 | F7: =SUM(B7:E7) -> 8
A8: Fábio Fernando Fernandez | B8: 4 | C8: 3 | D8: 2 | E8: 4 | F8: =SUM(B8:E8) -> 13
A9: Lauro Forte | B9: 0 | C9: 0 | D9: 3 | E9: 3 | F9: =SUM(B9:E9) -> 6
A10: Miguel Candiz | B10: 3 | C10: 5 | D10: 2 | E10: 4 | F10: =SUM(B10:E10) -> 14
A11: Paula Silva | B11: 0 | C11: 0 | D11: 0 | E11: 0 | F11: =SUM(B11:E11) -> 0
A12: Rafael Franzino | B12: 0 | C12: 0 | D12: 0 | E12: 4 | F12: =SUM(B12:E12) -> 4
A13: Rosimeire Souza | B13: 1 | C13: 1 | D13: 0 | E13: 1 | F13: =SUM(B13:E13) -> 3
A14: Tarcila Bittencourt | B14: 2 | C14: 1 | D14: 3 | E14: 0 | F14: =SUM(B14:E14) -> 6
A15: Tania Barione | B15: 3 | C15: 5 | D15: 0 | E15: 0 | F15: =SUM(B15:E15) -> 8
A16: Verônica Damasceno | B16: 2 | C16: 0 | D16: 2 | E16: 3 | F16: =SUM(B16:E16) -> 7

Sheet Controle de faltas 
A1: Controle de Faltas
A3: Turma A | D3: Turma B
A4: André Pinheiro | B4: 11 | D4: Andréa Pereira Nunes | E4: ='Faltas da turma B'!F4 -> 7
A5: Daniel Mendes Rodrigues | B5: ='Faltas da turma A'!F5 -> 6 | D5: Beatriz Gonçalves | E5: ='Faltas da turma B'!F5 -> 3
A6: Davi Pereira da Silva | B6: ='Faltas da turma A'!F6 -> 6 | D6: Carlos Menezes | E6: ='Faltas da turma B'!F6 -> 6
A7: José Nelson de Araújo | B7: ='Faltas da turma A'!F7 -> 3 | D7: Daniele Ferreira | E7: ='Faltas da turma B'!F7 -> 8
A8: Lucas Camargo | B8: ='Faltas da turma A'!F8 -> 8 | D8: Fábio Fernando Fernandez | E8: ='Faltas da turma B'!F8 -> 13
A9: Luis Enrico Pereira | B9: ='Faltas da turma A'!F9 -> 12 | D9: Lauro Forte | E9: ='Faltas da turma B'!F9 -> 6
A10: Luis Gabriel Santos | B10: ='Faltas da turma A'!F10 -> 5 | D10: Miguel Candiz | E10: ='Faltas da turma B'!F10 -> 14
A11: Marcelo de Carvalho | B11: ='Faltas da turma A'!F11 -> 0 | D11: Paula Silva | E11: ='Faltas da turma B'!F11 -> 0
A12: Mariana Ferreira Mendonça | B12: ='Faltas da turma A'!F12 -> 22 | D12: Rafael Franzino | E12: ='Faltas da turma B'!F12 -> 4
A13: Pedro Ricardo Martelli | B13: ='Faltas da turma A'!F13 -> 10 | D13: Rosimeire Souza | E13: ='Faltas da turma B'!F13 -> 3
A14: Simone Ferla | B14: 8 | D14: Tarcila Bittencourt | E14: 6
A15: Danio Freitas | B15: 16 | D15: Tania Barione | E15: 8
A16: Márcia de Oliveira | B16: 18 | D16: Verônica Damasceno | E16: ='Faltas da turma B'!F16 -> 7
A19: Maior Número de faltas | B19: =MAX(B4:B16) -> 22 | D19: Maior Número de faltas | E19: =MAX(E4:E16) -> 14
A20: Menor Número de Faltas | D20: Menor Número de Faltas | E20: =MIN(E4:E16) -> 0
A21: Média de faltas | B21: =AVERAGE(B4:B16) -> 9.6153846 | D21: Média de faltas | E21: =AVERAGE(E4:E16) -> 6.5384615
B22: =MIN(B4:B16) -> 0
