Workbook

Sheet CADASTRO
A3: NOME DO ALUNO | B3: FILIAl | C3: CÓDIGO DO CURSO | D3: NOME DO CURSO | E3: VALOR DA MENSALIDADE
A4: Ana Maria Bernardes | B4: Vila Mariana | C4: 2 | D4: =VLOOKUP(CADASTRO!C4,TABELA!$A$1:$C$10,2,FALSE) -> Word - Básico | E4: =VLOOKUP(C4,TABELA!$A$1:$C$10,3,FALSE) -> 180
A5: Beatriz Saracena | B5: Aclimação | C5: 3 | D5: =VLOOKUP(CADASTRO!C5,TABELA!$A$1:$C$10,2,FALSE) -> Word - Avançado | E5: =VLOOKUP(C5,TABELA!$A$1:$C$10,3,FALSE) -> 270
A6: Diógenes Duarte Lima | B6: Vila Mariana | C6: 2 | D6: =VLOOKUP(CADASTRO!C6,TABELA!$A$1:$C$10,2,FALSE) -> Word - Básico | E6: =VLOOKUP(C6,TABELA!$A$1:$C$10,3,FALSE) -> 180
A7: Fernando Coriolano | B7: Itaim Bibi | C7: 3 | D7: =VLOOKUP(CADASTRO!C7,TABELA!$A$1:$C$10,2,FALSE) -> Word - Avançado | E7: =VLOOKUP(C7,TABELA!$A$1:$C$10,3,FALSE) -> 270
A8: Maria Carolina Braga | B8: Itaim Bibi | C8: 1 | D8: =VLOOKUP(CADASTRO!C8,TABELA!$A$1:$C$10,2,FALSE) -> Internet | E8: =VLOOKUP(C8,TABELA!$A$1:$C$10,3,FALSE) -> 150
A9: Felipe dos Santos | B9: Aclimação | C9: 7 | D9: =VLOOKUP(CADASTRO!C9,TABELA!$A$1:$C$10,2,FALSE) -> Power Point - Avançado | E9: =VLOOKUP(C9,TABELA!$A$1:$C$10,3,FALSE) -> 170
A10: Vanderlei Higino | B10: Aclimação | C10: 1 | D10: =VLOOKUP(CADASTRO!C10,TABELA!$A$1:$C$10,2,FALSE) -> Internet | E10: =VLOOKUP(C10,TABELA!$A$1:$C$10,3,FALSE) -> 150
A11: Rodrigo maia | B11: Vila Mariana | C11: 4 | D11: =VLOOKUP(CADASTRO!C11,TABELA!$A$1:$C$10,2,FALSE) -> Excel - Básico | E11: =VLOOKUP(C11,TABELA!$A$1:$C$10,3,FALSE) -> 200
A12: Alexandre Garcia Gomes | B12: Itaim Bibi | C12: 6 | D12: =VLOOKUP(CADASTRO!C12,TABELA!$A$1:$C$10,2,FALSE) -> Power Point - Básico | E12: =VLOOKUP(C12,TABELA!$A$1:$C$10,3,FALSE) -> 120
A13: Jussara Medeiros | B13: Itaim Bibi | C13: 6 | D13: =VLOOKUP(CADASTRO!C13,TABELA!$A$1:$C$10,2,FALSE) -> Power Point - Básico | E13: =VLOOKUP(C13,TABELA!$A$1:$C$10,3,FALSE) -> 120
A14: Rogerio Dias | B14: Itaim Bibi | C14: 3 | D14: =VLOOKUP(CADASTRO!C14,TABELA!$A$1:$C$10,2,FALSE) -> Word - Avançado | E14: =VLOOKUP(C14,TABELA!$A$1:$C$10,3,FALSE) -> 270
A15: Jaciara Yonh | B15: Aclimação | C15: 8 | D15: =VLOOKUP(CADASTRO!C15,TABELA!$A$1:$C$10,2,FALSE) -> Acess | E15: =VLOOKUP(C15,TABELA!$A$1:$C$10,3,FALSE) -> 270
... A24: João Paulo Moreira | B24: Aclimação | C24: 7 | D24: =VLOOKUP(CADASTRO!C24,TABELA!$A$1:$C$10,2,FALSE) -> Power Point - Avançado | E24: =VLOOKUP(C24,TABELA!$A$1:$C$10,3,FALSE) -> 170

Sheet TABELA
A1: CÓDIGO | B1: CURSO | C1: MENSALIDADE
A2: 1 | B2: Internet | C2: 150
A3: 2 | B3: Word - Básico | C3: 180
A4: 3 | B4: Word - Avançado | C4: 270
A5: 4 | B5: Excel - Básico | C5: 200
A6: 5 | B6: Excel - Avançado | C6: 250
A7: 6 | B7: Power Point - Básico | C7: 120
A8: 7 | B8: Power Point - Avançado | C8: 170
A9: 8 | B9: Acess | C9: 270
A10: 9 | B10: Acess com VBA | C10: 320
